-- MySQL Script generated by MySQL Workbench
-- Sun Aug 30 20:54:30 2015
-- Model: New Model    Version: 1.0
-- MySQL Workbench Forward Engineering

SET @OLD_UNIQUE_CHECKS=@@UNIQUE_CHECKS, UNIQUE_CHECKS=0;
SET @OLD_FOREIGN_KEY_CHECKS=@@FOREIGN_KEY_CHECKS, FOREIGN_KEY_CHECKS=0;
SET @OLD_SQL_MODE=@@SQL_MODE, SQL_MODE='TRADITIONAL,ALLOW_INVALID_DATES';

-- -----------------------------------------------------
-- Schema mydb
-- -----------------------------------------------------
DROP SCHEMA IF EXISTS `mydb` ;

-- -----------------------------------------------------
-- Schema mydb
-- -----------------------------------------------------
CREATE SCHEMA IF NOT EXISTS `mydb` DEFAULT CHARACTER SET utf8 COLLATE utf8_general_ci ;
SHOW WARNINGS;
USE `mydb` ;

-- -----------------------------------------------------
-- Table `mydb`.`employee`
-- -----------------------------------------------------
DROP TABLE IF EXISTS `mydb`.`employee` ;

SHOW WARNINGS;
CREATE TABLE IF NOT EXISTS `mydb`.`employee` (
  `id` INT NOT NULL AUTO_INCREMENT COMMENT '',
  `name` VARCHAR(35) NOT NULL COMMENT '',
  `surname` VARCHAR(35) NOT NULL COMMENT '',
  `recruitment_date` DATE NULL COMMENT '',
  `degree` VARCHAR(45) NULL DEFAULT 'NONE' COMMENT '',
  `years_of_service` INT NULL DEFAULT 0 COMMENT '',
  `cv` TEXT(500) NULL COMMENT '',
  `salary` DECIMAL(6,2) NOT NULL COMMENT '',
  PRIMARY KEY (`id`)  COMMENT '')
ENGINE = InnoDB;

SHOW WARNINGS;

-- -----------------------------------------------------
-- Table `mydb`.`telephonist`
-- -----------------------------------------------------
DROP TABLE IF EXISTS `mydb`.`telephonist` ;

SHOW WARNINGS;
CREATE TABLE IF NOT EXISTS `mydb`.`telephonist` (
  `tel_id` INT NOT NULL COMMENT '',
  PRIMARY KEY (`tel_id`)  COMMENT '',
  CONSTRAINT `tel_id`
    FOREIGN KEY (`tel_id`)
    REFERENCES `mydb`.`employee` (`id`)
    ON DELETE CASCADE
    ON UPDATE CASCADE)
ENGINE = InnoDB;

SHOW WARNINGS;

-- -----------------------------------------------------
-- Table `mydb`.`cashier`
-- -----------------------------------------------------
DROP TABLE IF EXISTS `mydb`.`cashier` ;

SHOW WARNINGS;
CREATE TABLE IF NOT EXISTS `mydb`.`cashier` (
  `cash_id` INT NOT NULL COMMENT '',
  PRIMARY KEY (`cash_id`)  COMMENT '',
  CONSTRAINT `cash_id`
    FOREIGN KEY (`cash_id`)
    REFERENCES `mydb`.`employee` (`id`)
    ON DELETE CASCADE
    ON UPDATE CASCADE)
ENGINE = InnoDB;

SHOW WARNINGS;

-- -----------------------------------------------------
-- Table `mydb`.`waitress`
-- -----------------------------------------------------
DROP TABLE IF EXISTS `mydb`.`waitress` ;

SHOW WARNINGS;
CREATE TABLE IF NOT EXISTS `mydb`.`waitress` (
  `wait_id` INT NOT NULL COMMENT '',
  PRIMARY KEY (`wait_id`)  COMMENT '',
  CONSTRAINT `wait_id`
    FOREIGN KEY (`wait_id`)
    REFERENCES `mydb`.`employee` (`id`)
    ON DELETE CASCADE
    ON UPDATE CASCADE)
ENGINE = InnoDB;

SHOW WARNINGS;

-- -----------------------------------------------------
-- Table `mydb`.`chef`
-- -----------------------------------------------------
DROP TABLE IF EXISTS `mydb`.`chef` ;

SHOW WARNINGS;
CREATE TABLE IF NOT EXISTS `mydb`.`chef` (
  `chef_id` INT NOT NULL COMMENT '',
  PRIMARY KEY (`chef_id`)  COMMENT '',
  CONSTRAINT `chef_id`
    FOREIGN KEY (`chef_id`)
    REFERENCES `mydb`.`employee` (`id`)
    ON DELETE CASCADE
    ON UPDATE CASCADE)
ENGINE = InnoDB;

SHOW WARNINGS;

-- -----------------------------------------------------
-- Table `mydb`.`maid`
-- -----------------------------------------------------
DROP TABLE IF EXISTS `mydb`.`maid` ;

SHOW WARNINGS;
CREATE TABLE IF NOT EXISTS `mydb`.`maid` (
  `maid_id` INT NOT NULL COMMENT '',
  PRIMARY KEY (`maid_id`)  COMMENT '',
  CONSTRAINT `maid_id`
    FOREIGN KEY (`maid_id`)
    REFERENCES `mydb`.`employee` (`id`)
    ON DELETE CASCADE
    ON UPDATE CASCADE)
ENGINE = InnoDB;

SHOW WARNINGS;

-- -----------------------------------------------------
-- Table `mydb`.`headman`
-- -----------------------------------------------------
DROP TABLE IF EXISTS `mydb`.`headman` ;

SHOW WARNINGS;
CREATE TABLE IF NOT EXISTS `mydb`.`headman` (
  `head_id` INT NOT NULL COMMENT '',
  PRIMARY KEY (`head_id`)  COMMENT '',
  CONSTRAINT `head_id`
    FOREIGN KEY (`head_id`)
    REFERENCES `mydb`.`employee` (`id`)
    ON DELETE CASCADE
    ON UPDATE CASCADE)
ENGINE = InnoDB;

SHOW WARNINGS;

-- -----------------------------------------------------
-- Table `mydb`.`orderman`
-- -----------------------------------------------------
DROP TABLE IF EXISTS `mydb`.`orderman` ;

SHOW WARNINGS;
CREATE TABLE IF NOT EXISTS `mydb`.`orderman` (
  `ord_id` INT NOT NULL COMMENT '',
  PRIMARY KEY (`ord_id`)  COMMENT '',
  CONSTRAINT `ord_id`
    FOREIGN KEY (`ord_id`)
    REFERENCES `mydb`.`employee` (`id`)
    ON DELETE CASCADE
    ON UPDATE CASCADE)
ENGINE = InnoDB;

SHOW WARNINGS;

-- -----------------------------------------------------
-- Table `mydb`.`myTable`
-- -----------------------------------------------------
DROP TABLE IF EXISTS `mydb`.`myTable` ;

SHOW WARNINGS;
CREATE TABLE IF NOT EXISTS `mydb`.`myTable` (
  `number` INT NOT NULL COMMENT '',
  `capacity` ENUM('4','8','12') NOT NULL COMMENT '',
  `description` ENUM('window', 'atrium', 'garden', 'sala') NULL COMMENT '',
  `waitress` INT NOT NULL COMMENT '',
  PRIMARY KEY (`number`)  COMMENT '',
  CONSTRAINT `waitress`
    FOREIGN KEY (`waitress`)
    REFERENCES `mydb`.`waitress` (`wait_id`)
    ON DELETE NO ACTION
    ON UPDATE NO ACTION)
ENGINE = InnoDB;

SHOW WARNINGS;
CREATE INDEX `waitress_idx` ON `mydb`.`myTable` (`waitress` ASC)  COMMENT '';

SHOW WARNINGS;

-- -----------------------------------------------------
-- Table `mydb`.`client`
-- -----------------------------------------------------
DROP TABLE IF EXISTS `mydb`.`client` ;

SHOW WARNINGS;
CREATE TABLE IF NOT EXISTS `mydb`.`client` (
  `card_id` INT NOT NULL AUTO_INCREMENT COMMENT '',
  `name` VARCHAR(45) NULL COMMENT '',
  `surname` VARCHAR(45) NULL COMMENT '',
  `points` INT NOT NULL DEFAULT 0 COMMENT '',
  `num_of_orders` INT NOT NULL DEFAULT 0 COMMENT '',
  PRIMARY KEY (`card_id`)  COMMENT '')
ENGINE = InnoDB;

SHOW WARNINGS;

-- -----------------------------------------------------
-- Table `mydb`.`dish`
-- -----------------------------------------------------
DROP TABLE IF EXISTS `mydb`.`dish` ;

SHOW WARNINGS;
CREATE TABLE IF NOT EXISTS `mydb`.`dish` (
  `name` VARCHAR(45) NOT NULL COMMENT '',
  `time` INT NOT NULL COMMENT '',
  `instructions` TEXT(400) NULL COMMENT '',
  `price` DECIMAL(6,2) NOT NULL COMMENT '',
  PRIMARY KEY (`name`)  COMMENT '')
ENGINE = InnoDB;

SHOW WARNINGS;

-- -----------------------------------------------------
-- Table `mydb`.`ingredients`
-- -----------------------------------------------------
DROP TABLE IF EXISTS `mydb`.`ingredients` ;

SHOW WARNINGS;
CREATE TABLE IF NOT EXISTS `mydb`.`ingredients` (
  `name` VARCHAR(45) NOT NULL COMMENT '',
  `available_quantity` INT NOT NULL COMMENT '',
  `quantity_bound` INT NULL COMMENT '',
  PRIMARY KEY (`name`)  COMMENT '')
ENGINE = InnoDB;

SHOW WARNINGS;

-- -----------------------------------------------------
-- Table `mydb`.`contains`
-- -----------------------------------------------------
DROP TABLE IF EXISTS `mydb`.`contains` ;

SHOW WARNINGS;
CREATE TABLE IF NOT EXISTS `mydb`.`contains` (
  `dish` VARCHAR(45) NOT NULL COMMENT '',
  `quantity` INT NULL COMMENT '',
  `ingredients` VARCHAR(45) NOT NULL COMMENT '',
  PRIMARY KEY (`dish`, `ingredients`)  COMMENT '',
  CONSTRAINT `dish`
    FOREIGN KEY (`dish`)
    REFERENCES `mydb`.`dish` (`name`)
    ON DELETE NO ACTION
    ON UPDATE CASCADE,
  CONSTRAINT `ingredients`
    FOREIGN KEY (`ingredients`)
    REFERENCES `mydb`.`ingredients` (`name`)
    ON DELETE NO ACTION
    ON UPDATE CASCADE)
ENGINE = InnoDB;

SHOW WARNINGS;
CREATE INDEX `dish_idx` ON `mydb`.`contains` (`dish` ASC)  COMMENT '';

SHOW WARNINGS;
CREATE INDEX `ingredients_idx` ON `mydb`.`contains` (`ingredients` ASC)  COMMENT '';

SHOW WARNINGS;

-- -----------------------------------------------------
-- Table `mydb`.`drinks`
-- -----------------------------------------------------
DROP TABLE IF EXISTS `mydb`.`drinks` ;

SHOW WARNINGS;
CREATE TABLE IF NOT EXISTS `mydb`.`drinks` (
  `name` VARCHAR(45) NOT NULL COMMENT '',
  `available_quantity` INT NULL COMMENT '',
  `quantity_bound` INT NULL COMMENT '',
  `price` DECIMAL(6,2) NOT NULL COMMENT '',
  PRIMARY KEY (`name`)  COMMENT '')
ENGINE = InnoDB;

SHOW WARNINGS;

-- -----------------------------------------------------
-- Table `mydb`.`myOrder`
-- -----------------------------------------------------
DROP TABLE IF EXISTS `mydb`.`myOrder` ;

SHOW WARNINGS;
CREATE TABLE IF NOT EXISTS `mydb`.`myOrder` (
  `idOrder` INT NOT NULL AUTO_INCREMENT COMMENT '',
  `date` DATETIME NOT NULL COMMENT '',
  `done` TINYINT(1) NOT NULL COMMENT '',
  `paid` TINYINT(1) NOT NULL COMMENT '',
  `price` DECIMAL(6,2) NULL COMMENT '',
  PRIMARY KEY (`idOrder`)  COMMENT '')
ENGINE = InnoDB;

SHOW WARNINGS;
CREATE UNIQUE INDEX `idOrder_UNIQUE` ON `mydb`.`myOrder` (`idOrder` ASC)  COMMENT '';

SHOW WARNINGS;

-- -----------------------------------------------------
-- Table `mydb`.`todays_special`
-- -----------------------------------------------------
DROP TABLE IF EXISTS `mydb`.`todays_special` ;

SHOW WARNINGS;
CREATE TABLE IF NOT EXISTS `mydb`.`todays_special` (
  `special_name` VARCHAR(45) NOT NULL COMMENT '',
  `available` INT NOT NULL COMMENT '',
  PRIMARY KEY (`special_name`)  COMMENT '',
  CONSTRAINT `sp_id`
    FOREIGN KEY (`special_name`)
    REFERENCES `mydb`.`dish` (`name`)
    ON DELETE CASCADE
    ON UPDATE CASCADE)
ENGINE = InnoDB;

SHOW WARNINGS;

-- -----------------------------------------------------
-- Table `mydb`.`soup`
-- -----------------------------------------------------
DROP TABLE IF EXISTS `mydb`.`soup` ;

SHOW WARNINGS;
CREATE TABLE IF NOT EXISTS `mydb`.`soup` (
  `soup_name` VARCHAR(45) NOT NULL COMMENT '',
  PRIMARY KEY (`soup_name`)  COMMENT '',
  CONSTRAINT `soup_name`
    FOREIGN KEY (`soup_name`)
    REFERENCES `mydb`.`dish` (`name`)
    ON DELETE CASCADE
    ON UPDATE CASCADE)
ENGINE = InnoDB;

SHOW WARNINGS;

-- -----------------------------------------------------
-- Table `mydb`.`appetizer`
-- -----------------------------------------------------
DROP TABLE IF EXISTS `mydb`.`appetizer` ;

SHOW WARNINGS;
CREATE TABLE IF NOT EXISTS `mydb`.`appetizer` (
  `appetizer_name` VARCHAR(45) NOT NULL COMMENT '',
  PRIMARY KEY (`appetizer_name`)  COMMENT '',
  CONSTRAINT `appetizer_name`
    FOREIGN KEY (`appetizer_name`)
    REFERENCES `mydb`.`dish` (`name`)
    ON DELETE CASCADE
    ON UPDATE CASCADE)
ENGINE = InnoDB;

SHOW WARNINGS;

-- -----------------------------------------------------
-- Table `mydb`.`mainDish`
-- -----------------------------------------------------
DROP TABLE IF EXISTS `mydb`.`mainDish` ;

SHOW WARNINGS;
CREATE TABLE IF NOT EXISTS `mydb`.`mainDish` (
  `main_name` VARCHAR(45) NOT NULL COMMENT '',
  PRIMARY KEY (`main_name`)  COMMENT '',
  CONSTRAINT `main_name`
    FOREIGN KEY (`main_name`)
    REFERENCES `mydb`.`dish` (`name`)
    ON DELETE CASCADE
    ON UPDATE CASCADE)
ENGINE = InnoDB;

SHOW WARNINGS;

-- -----------------------------------------------------
-- Table `mydb`.`salat`
-- -----------------------------------------------------
DROP TABLE IF EXISTS `mydb`.`salat` ;

SHOW WARNINGS;
CREATE TABLE IF NOT EXISTS `mydb`.`salat` (
  `salat_name` VARCHAR(45) NOT NULL COMMENT '',
  PRIMARY KEY (`salat_name`)  COMMENT '',
  CONSTRAINT `salat_name`
    FOREIGN KEY (`salat_name`)
    REFERENCES `mydb`.`dish` (`name`)
    ON DELETE CASCADE
    ON UPDATE CASCADE)
ENGINE = InnoDB;

SHOW WARNINGS;

-- -----------------------------------------------------
-- Table `mydb`.`paste`
-- -----------------------------------------------------
DROP TABLE IF EXISTS `mydb`.`paste` ;

SHOW WARNINGS;
CREATE TABLE IF NOT EXISTS `mydb`.`paste` (
  `paste_name` VARCHAR(45) NOT NULL COMMENT '',
  `paste_kind` ENUM('spaghetti', 'penne') NOT NULL COMMENT '',
  PRIMARY KEY (`paste_name`, `paste_kind`)  COMMENT '',
  CONSTRAINT `paste_name`
    FOREIGN KEY (`paste_name`)
    REFERENCES `mydb`.`mainDish` (`main_name`)
    ON DELETE CASCADE
    ON UPDATE CASCADE)
ENGINE = InnoDB;

SHOW WARNINGS;

-- -----------------------------------------------------
-- Table `mydb`.`pizza`
-- -----------------------------------------------------
DROP TABLE IF EXISTS `mydb`.`pizza` ;

SHOW WARNINGS;
CREATE TABLE IF NOT EXISTS `mydb`.`pizza` (
  `pizza_name` VARCHAR(45) NOT NULL COMMENT '',
  `size` ENUM('4', '8', '16') NOT NULL COMMENT '',
  PRIMARY KEY (`pizza_name`)  COMMENT '',
  CONSTRAINT `pizza_name`
    FOREIGN KEY (`pizza_name`)
    REFERENCES `mydb`.`mainDish` (`main_name`)
    ON DELETE CASCADE
    ON UPDATE CASCADE)
ENGINE = InnoDB;

SHOW WARNINGS;

-- -----------------------------------------------------
-- Table `mydb`.`risotto`
-- -----------------------------------------------------
DROP TABLE IF EXISTS `mydb`.`risotto` ;

SHOW WARNINGS;
CREATE TABLE IF NOT EXISTS `mydb`.`risotto` (
  `risoto_name` VARCHAR(45) NOT NULL COMMENT '',
  PRIMARY KEY (`risoto_name`)  COMMENT '',
  CONSTRAINT `risotto_name`
    FOREIGN KEY (`risoto_name`)
    REFERENCES `mydb`.`mainDish` (`main_name`)
    ON DELETE CASCADE
    ON UPDATE CASCADE)
ENGINE = InnoDB;

SHOW WARNINGS;

-- -----------------------------------------------------
-- Table `mydb`.`gnocchi`
-- -----------------------------------------------------
DROP TABLE IF EXISTS `mydb`.`gnocchi` ;

SHOW WARNINGS;
CREATE TABLE IF NOT EXISTS `mydb`.`gnocchi` (
  `gnocchi_name` VARCHAR(45) NOT NULL COMMENT '',
  PRIMARY KEY (`gnocchi_name`)  COMMENT '',
  CONSTRAINT `gnocchi_name`
    FOREIGN KEY (`gnocchi_name`)
    REFERENCES `mydb`.`mainDish` (`main_name`)
    ON DELETE CASCADE
    ON UPDATE CASCADE)
ENGINE = InnoDB;

SHOW WARNINGS;

-- -----------------------------------------------------
-- Table `mydb`.`toEat`
-- -----------------------------------------------------
DROP TABLE IF EXISTS `mydb`.`toEat` ;

SHOW WARNINGS;
CREATE TABLE IF NOT EXISTS `mydb`.`toEat` (
  `toEatID` INT NOT NULL AUTO_INCREMENT COMMENT '',
  `orderToEat` INT NOT NULL COMMENT '',
  `dishToEat` VARCHAR(45) NOT NULL COMMENT '',
  PRIMARY KEY (`toEatID`)  COMMENT '',
  CONSTRAINT `dishToEat`
    FOREIGN KEY (`dishToEat`)
    REFERENCES `mydb`.`dish` (`name`)
    ON DELETE CASCADE
    ON UPDATE CASCADE,
  CONSTRAINT `orderToEat`
    FOREIGN KEY (`orderToEat`)
    REFERENCES `mydb`.`myOrder` (`idOrder`)
    ON DELETE CASCADE
    ON UPDATE CASCADE)
ENGINE = InnoDB;

SHOW WARNINGS;
CREATE INDEX `dishToEat_idx` ON `mydb`.`toEat` (`dishToEat` ASC)  COMMENT '';

SHOW WARNINGS;

-- -----------------------------------------------------
-- Table `mydb`.`toDrink`
-- -----------------------------------------------------
DROP TABLE IF EXISTS `mydb`.`toDrink` ;

SHOW WARNINGS;
CREATE TABLE IF NOT EXISTS `mydb`.`toDrink` (
  `toDrinkID` INT NOT NULL AUTO_INCREMENT COMMENT '',
  `orderToDrink` INT NOT NULL COMMENT '',
  `drinkToDrink` VARCHAR(45) NOT NULL COMMENT '',
  PRIMARY KEY (`toDrinkID`)  COMMENT '',
  CONSTRAINT `orderToDrink`
    FOREIGN KEY (`orderToDrink`)
    REFERENCES `mydb`.`myOrder` (`idOrder`)
    ON DELETE CASCADE
    ON UPDATE CASCADE,
  CONSTRAINT `drinkToDrink`
    FOREIGN KEY (`drinkToDrink`)
    REFERENCES `mydb`.`drinks` (`name`)
    ON DELETE CASCADE
    ON UPDATE CASCADE)
ENGINE = InnoDB;

SHOW WARNINGS;
CREATE INDEX `drinkToDrink_idx` ON `mydb`.`toDrink` (`drinkToDrink` ASC)  COMMENT '';

SHOW WARNINGS;

-- -----------------------------------------------------
-- Table `mydb`.`orderFrom`
-- -----------------------------------------------------
DROP TABLE IF EXISTS `mydb`.`orderFrom` ;

SHOW WARNINGS;
CREATE TABLE IF NOT EXISTS `mydb`.`orderFrom` (
  `orderClient` INT NOT NULL COMMENT '',
  `orderID` INT NOT NULL COMMENT '',
  `orderTable` INT NOT NULL COMMENT '',
  PRIMARY KEY (`orderID`)  COMMENT '',
  CONSTRAINT `orderClient`
    FOREIGN KEY (`orderClient`)
    REFERENCES `mydb`.`client` (`card_id`)
    ON DELETE CASCADE
    ON UPDATE CASCADE,
  CONSTRAINT `orderID`
    FOREIGN KEY (`orderID`)
    REFERENCES `mydb`.`myOrder` (`idOrder`)
    ON DELETE CASCADE
    ON UPDATE CASCADE,
  CONSTRAINT `orderTable`
    FOREIGN KEY (`orderTable`)
    REFERENCES `mydb`.`myTable` (`number`)
    ON DELETE CASCADE
    ON UPDATE CASCADE)
ENGINE = InnoDB;

SHOW WARNINGS;
CREATE INDEX `orderClient_idx` ON `mydb`.`orderFrom` (`orderClient` ASC)  COMMENT '';

SHOW WARNINGS;
CREATE INDEX `orderTable_idx` ON `mydb`.`orderFrom` (`orderTable` ASC)  COMMENT '';

SHOW WARNINGS;

-- -----------------------------------------------------
-- Table `mydb`.`shift`
-- -----------------------------------------------------
DROP TABLE IF EXISTS `mydb`.`shift` ;

SHOW WARNINGS;
CREATE TABLE IF NOT EXISTS `mydb`.`shift` (
  `shiftID` INT NOT NULL AUTO_INCREMENT COMMENT '',
  `waitress1` INT NOT NULL COMMENT '',
  `waitress2` INT NOT NULL COMMENT '',
  `chef1` INT NOT NULL COMMENT '',
  `chef2` INT NOT NULL COMMENT '',
  `chef3` INT NOT NULL COMMENT '',
  `maid1` INT NOT NULL COMMENT '',
  `maid2` INT NOT NULL COMMENT '',
  `cashier` INT NOT NULL COMMENT '',
  `telephonist` INT NOT NULL COMMENT '',
  `orderman1` INT NOT NULL COMMENT '',
  `orderman2` INT NOT NULL COMMENT '',
  `headman` INT NOT NULL COMMENT '',
  `day` TINYINT(1) NOT NULL COMMENT '',
  `date` DATE NOT NULL COMMENT '',
  PRIMARY KEY (`shiftID`)  COMMENT '',
  CONSTRAINT `waitress1`
    FOREIGN KEY (`waitress1`)
    REFERENCES `mydb`.`waitress` (`wait_id`)
    ON DELETE NO ACTION
    ON UPDATE NO ACTION,
  CONSTRAINT `waitress2`
    FOREIGN KEY (`waitress2`)
    REFERENCES `mydb`.`waitress` (`wait_id`)
    ON DELETE NO ACTION
    ON UPDATE NO ACTION,
  CONSTRAINT `chef1`
    FOREIGN KEY (`chef1`)
    REFERENCES `mydb`.`chef` (`chef_id`)
    ON DELETE NO ACTION
    ON UPDATE NO ACTION,
  CONSTRAINT `chef2`
    FOREIGN KEY (`chef2`)
    REFERENCES `mydb`.`chef` (`chef_id`)
    ON DELETE NO ACTION
    ON UPDATE NO ACTION,
  CONSTRAINT `chef3`
    FOREIGN KEY (`chef3`)
    REFERENCES `mydb`.`chef` (`chef_id`)
    ON DELETE NO ACTION
    ON UPDATE NO ACTION,
  CONSTRAINT `maid1`
    FOREIGN KEY (`maid1`)
    REFERENCES `mydb`.`maid` (`maid_id`)
    ON DELETE NO ACTION
    ON UPDATE NO ACTION,
  CONSTRAINT `maid2`
    FOREIGN KEY (`maid2`)
    REFERENCES `mydb`.`maid` (`maid_id`)
    ON DELETE NO ACTION
    ON UPDATE NO ACTION,
  CONSTRAINT `cashier`
    FOREIGN KEY (`cashier`)
    REFERENCES `mydb`.`cashier` (`cash_id`)
    ON DELETE NO ACTION
    ON UPDATE NO ACTION,
  CONSTRAINT `telephonist`
    FOREIGN KEY (`telephonist`)
    REFERENCES `mydb`.`telephonist` (`tel_id`)
    ON DELETE NO ACTION
    ON UPDATE NO ACTION,
  CONSTRAINT `orderman1`
    FOREIGN KEY (`orderman1`)
    REFERENCES `mydb`.`orderman` (`ord_id`)
    ON DELETE NO ACTION
    ON UPDATE NO ACTION,
  CONSTRAINT `orderman2`
    FOREIGN KEY (`orderman2`)
    REFERENCES `mydb`.`orderman` (`ord_id`)
    ON DELETE NO ACTION
    ON UPDATE NO ACTION,
  CONSTRAINT `headman`
    FOREIGN KEY (`headman`)
    REFERENCES `mydb`.`headman` (`head_id`)
    ON DELETE NO ACTION
    ON UPDATE NO ACTION)
ENGINE = InnoDB;

SHOW WARNINGS;
CREATE INDEX `waitress1_idx` ON `mydb`.`shift` (`waitress1` ASC)  COMMENT '';

SHOW WARNINGS;
CREATE INDEX `waitress2_idx` ON `mydb`.`shift` (`waitress2` ASC)  COMMENT '';

SHOW WARNINGS;
CREATE INDEX `chef1_idx` ON `mydb`.`shift` (`chef1` ASC)  COMMENT '';

SHOW WARNINGS;
CREATE INDEX `chef2_idx` ON `mydb`.`shift` (`chef2` ASC)  COMMENT '';

SHOW WARNINGS;
CREATE INDEX `chef3_idx` ON `mydb`.`shift` (`chef3` ASC)  COMMENT '';

SHOW WARNINGS;
CREATE INDEX `maid1_idx` ON `mydb`.`shift` (`maid1` ASC)  COMMENT '';

SHOW WARNINGS;
CREATE INDEX `maid2_idx` ON `mydb`.`shift` (`maid2` ASC)  COMMENT '';

SHOW WARNINGS;
CREATE INDEX `cashier_idx` ON `mydb`.`shift` (`cashier` ASC)  COMMENT '';

SHOW WARNINGS;
CREATE INDEX `telephonist_idx` ON `mydb`.`shift` (`telephonist` ASC)  COMMENT '';

SHOW WARNINGS;
CREATE INDEX `orderman1_idx` ON `mydb`.`shift` (`orderman1` ASC)  COMMENT '';

SHOW WARNINGS;
CREATE INDEX `orderman2_idx` ON `mydb`.`shift` (`orderman2` ASC)  COMMENT '';

SHOW WARNINGS;
CREATE INDEX `headman_idx` ON `mydb`.`shift` (`headman` ASC)  COMMENT '';

SHOW WARNINGS;

-- -----------------------------------------------------
-- Table `mydb`.`extra`
-- -----------------------------------------------------
DROP TABLE IF EXISTS `mydb`.`extra` ;

SHOW WARNINGS;
CREATE TABLE IF NOT EXISTS `mydb`.`extra` (
  `dish` VARCHAR(45) NOT NULL COMMENT '',
  `ingredient` VARCHAR(45) NOT NULL COMMENT '',
  `toEatID` INT NOT NULL COMMENT '',
  `quantity` VARCHAR(45) NOT NULL COMMENT '',
  PRIMARY KEY (`dish`, `ingredient`, `toEatID`)  COMMENT '',
  CONSTRAINT `dishExtra`
    FOREIGN KEY (`dish`)
    REFERENCES `mydb`.`dish` (`name`)
    ON DELETE NO ACTION
    ON UPDATE NO ACTION,
  CONSTRAINT `ingredientExtra`
    FOREIGN KEY (`ingredient`)
    REFERENCES `mydb`.`ingredients` (`name`)
    ON DELETE NO ACTION
    ON UPDATE NO ACTION,
  CONSTRAINT `toEatIDExtra`
    FOREIGN KEY (`toEatID`)
    REFERENCES `mydb`.`toEat` (`toEatID`)
    ON DELETE NO ACTION
    ON UPDATE NO ACTION)
ENGINE = InnoDB;

SHOW WARNINGS;
CREATE INDEX `ingredient_idx` ON `mydb`.`extra` (`ingredient` ASC)  COMMENT '';

SHOW WARNINGS;
CREATE INDEX `toEatID_idx` ON `mydb`.`extra` (`toEatID` ASC)  COMMENT '';

SHOW WARNINGS;

-- -----------------------------------------------------
-- Data for table `mydb`.`employee`
-- -----------------------------------------------------
START TRANSACTION;
USE `mydb`;
INSERT INTO `mydb`.`employee` (`id`, `name`, `surname`, `recruitment_date`, `degree`, `years_of_service`, `cv`, `salary`) VALUES (1, 'Kostas', 'Doukas', '2004-11-1', NULL, 5, '...', 3);
INSERT INTO `mydb`.`employee` (`id`, `name`, `surname`, `recruitment_date`, `degree`, `years_of_service`, `cv`, `salary`) VALUES (2, 'Nikos', 'Dimoulis', '2007-6-4', NULL, 0, '.', 2.5);
INSERT INTO `mydb`.`employee` (`id`, `name`, `surname`, `recruitment_date`, `degree`, `years_of_service`, `cv`, `salary`) VALUES (3, 'Dimitris', 'Nikolaou', '2004-11-1', NULL, 4, '....', 2.5);
INSERT INTO `mydb`.`employee` (`id`, `name`, `surname`, `recruitment_date`, `degree`, `years_of_service`, `cv`, `salary`) VALUES (4, 'Eleni', 'Vlachopoulou', '2008-3-1', 'Chef', 2, 'ajkdfsjkh', 4);
INSERT INTO `mydb`.`employee` (`id`, `name`, `surname`, `recruitment_date`, `degree`, `years_of_service`, `cv`, `salary`) VALUES (5, 'Dimitris', 'Makris', '2008-4-1', NULL, 3, '.......', 3.5);
INSERT INTO `mydb`.`employee` (`id`, `name`, `surname`, `recruitment_date`, `degree`, `years_of_service`, `cv`, `salary`) VALUES (6, 'Giannis', 'Vlaxos', '2008-4-1', NULL, 5, 'sfdg', 3.5);
INSERT INTO `mydb`.`employee` (`id`, `name`, `surname`, `recruitment_date`, `degree`, `years_of_service`, `cv`, `salary`) VALUES (7, 'Antigoni', 'Gogolou', '2008-4-1', NULL, 1, 'dsgffds', 3);
INSERT INTO `mydb`.`employee` (`id`, `name`, `surname`, `recruitment_date`, `degree`, `years_of_service`, `cv`, `salary`) VALUES (8, 'Giannis', 'Doukas', '2004-11-1', NULL, 4, 'adsfs', 4.5);
INSERT INTO `mydb`.`employee` (`id`, `name`, `surname`, `recruitment_date`, `degree`, `years_of_service`, `cv`, `salary`) VALUES (9, 'Dimitris', 'Doukas', '2008-11-1', NULL, 2, 'this is dimitris cv', 4);
INSERT INTO `mydb`.`employee` (`id`, `name`, `surname`, `recruitment_date`, `degree`, `years_of_service`, `cv`, `salary`) VALUES (10, 'Angeliki', 'Chondrogianni', '2008-11-1', 'Chef', 1, 'sfsa', 4);
INSERT INTO `mydb`.`employee` (`id`, `name`, `surname`, `recruitment_date`, `degree`, `years_of_service`, `cv`, `salary`) VALUES (11, 'Spyros', 'Sarras', '2008-11-1', 'Chef', 2, 'spyros cv', 3);
INSERT INTO `mydb`.`employee` (`id`, `name`, `surname`, `recruitment_date`, `degree`, `years_of_service`, `cv`, `salary`) VALUES (12, 'Eleni', 'Vasilaki', '2009-3-1', 'Chef', 4, 'eleni cv', 5);
INSERT INTO `mydb`.`employee` (`id`, `name`, `surname`, `recruitment_date`, `degree`, `years_of_service`, `cv`, `salary`) VALUES (13, 'Marios', 'Sarras', '2009-3-5', NULL, 1, '...', 3);
INSERT INTO `mydb`.`employee` (`id`, `name`, `surname`, `recruitment_date`, `degree`, `years_of_service`, `cv`, `salary`) VALUES (14, 'Maria', 'Chondrogianni', '2008-4-4', NULL, 4, '.....', 3);

COMMIT;


-- -----------------------------------------------------
-- Data for table `mydb`.`telephonist`
-- -----------------------------------------------------
START TRANSACTION;
USE `mydb`;
INSERT INTO `mydb`.`telephonist` (`tel_id`) VALUES (3);

COMMIT;


-- -----------------------------------------------------
-- Data for table `mydb`.`cashier`
-- -----------------------------------------------------
START TRANSACTION;
USE `mydb`;
INSERT INTO `mydb`.`cashier` (`cash_id`) VALUES (8);

COMMIT;


-- -----------------------------------------------------
-- Data for table `mydb`.`waitress`
-- -----------------------------------------------------
START TRANSACTION;
USE `mydb`;
INSERT INTO `mydb`.`waitress` (`wait_id`) VALUES (1);
INSERT INTO `mydb`.`waitress` (`wait_id`) VALUES (2);
INSERT INTO `mydb`.`waitress` (`wait_id`) VALUES (9);

COMMIT;


-- -----------------------------------------------------
-- Data for table `mydb`.`chef`
-- -----------------------------------------------------
START TRANSACTION;
USE `mydb`;
INSERT INTO `mydb`.`chef` (`chef_id`) VALUES (4);
INSERT INTO `mydb`.`chef` (`chef_id`) VALUES (10);
INSERT INTO `mydb`.`chef` (`chef_id`) VALUES (11);
INSERT INTO `mydb`.`chef` (`chef_id`) VALUES (12);

COMMIT;


-- -----------------------------------------------------
-- Data for table `mydb`.`maid`
-- -----------------------------------------------------
START TRANSACTION;
USE `mydb`;
INSERT INTO `mydb`.`maid` (`maid_id`) VALUES (7);
INSERT INTO `mydb`.`maid` (`maid_id`) VALUES (14);

COMMIT;


-- -----------------------------------------------------
-- Data for table `mydb`.`headman`
-- -----------------------------------------------------
START TRANSACTION;
USE `mydb`;
INSERT INTO `mydb`.`headman` (`head_id`) VALUES (6);

COMMIT;


-- -----------------------------------------------------
-- Data for table `mydb`.`orderman`
-- -----------------------------------------------------
START TRANSACTION;
USE `mydb`;
INSERT INTO `mydb`.`orderman` (`ord_id`) VALUES (5);
INSERT INTO `mydb`.`orderman` (`ord_id`) VALUES (13);

COMMIT;


-- -----------------------------------------------------
-- Data for table `mydb`.`myTable`
-- -----------------------------------------------------
START TRANSACTION;
USE `mydb`;
INSERT INTO `mydb`.`myTable` (`number`, `capacity`, `description`, `waitress`) VALUES (1, '4', 'window', 1);
INSERT INTO `mydb`.`myTable` (`number`, `capacity`, `description`, `waitress`) VALUES (2, '8', 'garden', 2);
INSERT INTO `mydb`.`myTable` (`number`, `capacity`, `description`, `waitress`) VALUES (3, '12', 'sala', 1);
INSERT INTO `mydb`.`myTable` (`number`, `capacity`, `description`, `waitress`) VALUES (4, '4', 'atrium', 2);
INSERT INTO `mydb`.`myTable` (`number`, `capacity`, `description`, `waitress`) VALUES (5, '4', 'sala', 1);

COMMIT;


-- -----------------------------------------------------
-- Data for table `mydb`.`client`
-- -----------------------------------------------------
START TRANSACTION;
USE `mydb`;
INSERT INTO `mydb`.`client` (`card_id`, `name`, `surname`, `points`, `num_of_orders`) VALUES (1, 'Marios', 'Plegas', 0, 0);
INSERT INTO `mydb`.`client` (`card_id`, `name`, `surname`, `points`, `num_of_orders`) VALUES (2, 'Katerina', 'Koulouri', 0, 0);
INSERT INTO `mydb`.`client` (`card_id`, `name`, `surname`, `points`, `num_of_orders`) VALUES (3, 'Spyros', 'Doukas', 0, 0);

COMMIT;


-- -----------------------------------------------------
-- Data for table `mydb`.`dish`
-- -----------------------------------------------------
START TRANSACTION;
USE `mydb`;
INSERT INTO `mydb`.`dish` (`name`, `time`, `instructions`, `price`) VALUES ('french fries', 5, 'mpla mpla....', 2.50);
INSERT INTO `mydb`.`dish` (`name`, `time`, `instructions`, `price`) VALUES ('carbonara', 20, 'mpla mpla mpla ...', 8);
INSERT INTO `mydb`.`dish` (`name`, `time`, `instructions`, `price`) VALUES ('sofrito', 45, '.....', 10);
INSERT INTO `mydb`.`dish` (`name`, `time`, `instructions`, `price`) VALUES ('saganaki', 5, 'mpla....', 4.00);
INSERT INTO `mydb`.`dish` (`name`, `time`, `instructions`, `price`) VALUES ('avgolemono', 45, 'mpla........', 7.50);
INSERT INTO `mydb`.`dish` (`name`, `time`, `instructions`, `price`) VALUES ('salata tou chef', 15, 'mplaaaaa....', 8.00);
INSERT INTO `mydb`.`dish` (`name`, `time`, `instructions`, `price`) VALUES ('grilled chicken', 35, 'In a small saucepan, melt the butter over medium heat. Add the preserves, vinegar, red pepper flakes, rosemary, and a large pinch of salt; stir to combine. Bring to a boil, reduce the heat to medium low and simmer, stirring occasionally, until slightly thickened, 3 to 5 minutes. Remove from the heat and let cool to room temperature. (If making ahead, store covered in the refrigerator. Before using, warm over low heat to loosen the consistency.)\nPrepare a medium gas or charcoal grill fire. Using a stiff wire brush, scrub the cooking grate thoroughly. Dip a folded paper towel into vegetable oil and, using tongs, rub it over the grill grate.\nSeason the chicken lightly with salt and pepper. Set the parts skin side down on the grill. Cook, covered, until the skin is golden brown, about 10 minutes. Stay near the grill, especially during the first 10 minutes, to manage any flare-ups, by moving pieces out of the way. If the chicken is browning too quickly, turn the heat down slightly or close the vents partially. Flip the chicken and cook until an instant-read thermometer reads 165 degrees F in the thickest part of each piece, 5 to 10 minutes more. The thighs, legs, and thinner breast pieces are apt to cook a little faster than the thicker breast pieces. Transfer each piece to a platter when done and tent with foil.\nWhen all the chicken is done, brush it with the glaze on all sides. Return the chicken to the grill and cook for another minute or so on each side to caramelize the glaze. Brush the chicken with any remaining glaze and serve.', 8.00);

COMMIT;


-- -----------------------------------------------------
-- Data for table `mydb`.`ingredients`
-- -----------------------------------------------------
START TRANSACTION;
USE `mydb`;
INSERT INTO `mydb`.`ingredients` (`name`, `available_quantity`, `quantity_bound`) VALUES ('baicon', 400, 200);
INSERT INTO `mydb`.`ingredients` (`name`, `available_quantity`, `quantity_bound`) VALUES ('potatoes', 150, 100);
INSERT INTO `mydb`.`ingredients` (`name`, `available_quantity`, `quantity_bound`) VALUES ('fresh cream', 30, 80);
INSERT INTO `mydb`.`ingredients` (`name`, `available_quantity`, `quantity_bound`) VALUES ('cheese', 20, 200);
INSERT INTO `mydb`.`ingredients` (`name`, `available_quantity`, `quantity_bound`) VALUES ('garlic', 100, 600);
INSERT INTO `mydb`.`ingredients` (`name`, `available_quantity`, `quantity_bound`) VALUES ('onion', 150, 600);
INSERT INTO `mydb`.`ingredients` (`name`, `available_quantity`, `quantity_bound`) VALUES ('oil', 200, 800);
INSERT INTO `mydb`.`ingredients` (`name`, `available_quantity`, `quantity_bound`) VALUES ('pasta', 450, 400);
INSERT INTO `mydb`.`ingredients` (`name`, `available_quantity`, `quantity_bound`) VALUES ('apricot', 200, 100);
INSERT INTO `mydb`.`ingredients` (`name`, `available_quantity`, `quantity_bound`) VALUES ('balsamic', 10, 10);
INSERT INTO `mydb`.`ingredients` (`name`, `available_quantity`, `quantity_bound`) VALUES ('pepper', 40, 30);
INSERT INTO `mydb`.`ingredients` (`name`, `available_quantity`, `quantity_bound`) VALUES ('rosemary', 40, 30);
INSERT INTO `mydb`.`ingredients` (`name`, `available_quantity`, `quantity_bound`) VALUES ('chicken', 20, 35);

COMMIT;


-- -----------------------------------------------------
-- Data for table `mydb`.`contains`
-- -----------------------------------------------------
START TRANSACTION;
USE `mydb`;
INSERT INTO `mydb`.`contains` (`dish`, `quantity`, `ingredients`) VALUES ('carbonara', 2, 'baicon');
INSERT INTO `mydb`.`contains` (`dish`, `quantity`, `ingredients`) VALUES ('carbonara', 1, 'fresh cream');
INSERT INTO `mydb`.`contains` (`dish`, `quantity`, `ingredients`) VALUES ('carbonara', 1, 'pasta');
INSERT INTO `mydb`.`contains` (`dish`, `quantity`, `ingredients`) VALUES ('grilled chicken', 1, 'apricot');
INSERT INTO `mydb`.`contains` (`dish`, `quantity`, `ingredients`) VALUES ('grilled chicken', 1, 'balsamic');
INSERT INTO `mydb`.`contains` (`dish`, `quantity`, `ingredients`) VALUES ('grilled chicken', 2, 'pepper');
INSERT INTO `mydb`.`contains` (`dish`, `quantity`, `ingredients`) VALUES ('grilled chicken', 1, 'rosemary');
INSERT INTO `mydb`.`contains` (`dish`, `quantity`, `ingredients`) VALUES ('grilled chicken', 2, 'chicken');

COMMIT;


-- -----------------------------------------------------
-- Data for table `mydb`.`drinks`
-- -----------------------------------------------------
START TRANSACTION;
USE `mydb`;
INSERT INTO `mydb`.`drinks` (`name`, `available_quantity`, `quantity_bound`, `price`) VALUES ('water', 400, 800, 1.00);
INSERT INTO `mydb`.`drinks` (`name`, `available_quantity`, `quantity_bound`, `price`) VALUES ('wine', 100, 200, 2.00);
INSERT INTO `mydb`.`drinks` (`name`, `available_quantity`, `quantity_bound`, `price`) VALUES ('beer', 100, 350, 3.00);

COMMIT;


-- -----------------------------------------------------
-- Data for table `mydb`.`myOrder`
-- -----------------------------------------------------
START TRANSACTION;
USE `mydb`;
INSERT INTO `mydb`.`myOrder` (`idOrder`, `date`, `done`, `paid`, `price`) VALUES (1, '2015-5-5', false, false, NULL);
INSERT INTO `mydb`.`myOrder` (`idOrder`, `date`, `done`, `paid`, `price`) VALUES (2, '2015-5-5', false, false, NULL);

COMMIT;


-- -----------------------------------------------------
-- Data for table `mydb`.`todays_special`
-- -----------------------------------------------------
START TRANSACTION;
USE `mydb`;
INSERT INTO `mydb`.`todays_special` (`special_name`, `available`) VALUES ('sofrito', 20);
INSERT INTO `mydb`.`todays_special` (`special_name`, `available`) VALUES ('grilled chicken', 20);

COMMIT;


-- -----------------------------------------------------
-- Data for table `mydb`.`soup`
-- -----------------------------------------------------
START TRANSACTION;
USE `mydb`;
INSERT INTO `mydb`.`soup` (`soup_name`) VALUES ('avgolemono');

COMMIT;


-- -----------------------------------------------------
-- Data for table `mydb`.`appetizer`
-- -----------------------------------------------------
START TRANSACTION;
USE `mydb`;
INSERT INTO `mydb`.`appetizer` (`appetizer_name`) VALUES ('saganaki');
INSERT INTO `mydb`.`appetizer` (`appetizer_name`) VALUES ('french fries');

COMMIT;


-- -----------------------------------------------------
-- Data for table `mydb`.`mainDish`
-- -----------------------------------------------------
START TRANSACTION;
USE `mydb`;
INSERT INTO `mydb`.`mainDish` (`main_name`) VALUES ('carbonara');

COMMIT;


-- -----------------------------------------------------
-- Data for table `mydb`.`salat`
-- -----------------------------------------------------
START TRANSACTION;
USE `mydb`;
INSERT INTO `mydb`.`salat` (`salat_name`) VALUES ('salata tou chef');

COMMIT;


-- -----------------------------------------------------
-- Data for table `mydb`.`paste`
-- -----------------------------------------------------
START TRANSACTION;
USE `mydb`;
INSERT INTO `mydb`.`paste` (`paste_name`, `paste_kind`) VALUES ('carbonara', 'spaghetti');
INSERT INTO `mydb`.`paste` (`paste_name`, `paste_kind`) VALUES ('carbonara', 'penne');

COMMIT;


-- -----------------------------------------------------
-- Data for table `mydb`.`toEat`
-- -----------------------------------------------------
START TRANSACTION;
USE `mydb`;
INSERT INTO `mydb`.`toEat` (`toEatID`, `orderToEat`, `dishToEat`) VALUES (1, 1, 'avgolemono');
INSERT INTO `mydb`.`toEat` (`toEatID`, `orderToEat`, `dishToEat`) VALUES (2, 1, 'sofrito');
INSERT INTO `mydb`.`toEat` (`toEatID`, `orderToEat`, `dishToEat`) VALUES (3, 2, 'sofrito');
INSERT INTO `mydb`.`toEat` (`toEatID`, `orderToEat`, `dishToEat`) VALUES (4, 2, 'french fries');

COMMIT;


-- -----------------------------------------------------
-- Data for table `mydb`.`toDrink`
-- -----------------------------------------------------
START TRANSACTION;
USE `mydb`;
INSERT INTO `mydb`.`toDrink` (`toDrinkID`, `orderToDrink`, `drinkToDrink`) VALUES (DEFAULT, 1, 'water');
INSERT INTO `mydb`.`toDrink` (`toDrinkID`, `orderToDrink`, `drinkToDrink`) VALUES (DEFAULT, 2, 'wine');

COMMIT;


-- -----------------------------------------------------
-- Data for table `mydb`.`orderFrom`
-- -----------------------------------------------------
START TRANSACTION;
USE `mydb`;
INSERT INTO `mydb`.`orderFrom` (`orderClient`, `orderID`, `orderTable`) VALUES (1, 1, 1);
INSERT INTO `mydb`.`orderFrom` (`orderClient`, `orderID`, `orderTable`) VALUES (2, 2, 4);

COMMIT;


-- -----------------------------------------------------
-- Data for table `mydb`.`shift`
-- -----------------------------------------------------
START TRANSACTION;
USE `mydb`;
INSERT INTO `mydb`.`shift` (`shiftID`, `waitress1`, `waitress2`, `chef1`, `chef2`, `chef3`, `maid1`, `maid2`, `cashier`, `telephonist`, `orderman1`, `orderman2`, `headman`, `day`, `date`) VALUES (1, 1, 2, 4, 10, 11, 7, 14, 8, 3, 5, 13, 6, true, '2015-1-1');
INSERT INTO `mydb`.`shift` (`shiftID`, `waitress1`, `waitress2`, `chef1`, `chef2`, `chef3`, `maid1`, `maid2`, `cashier`, `telephonist`, `orderman1`, `orderman2`, `headman`, `day`, `date`) VALUES (2, 2, 9, 12, 4, 10, 7, 14, 8, 3, 5, 13, 6, false, '2015-1-1');
INSERT INTO `mydb`.`shift` (`shiftID`, `waitress1`, `waitress2`, `chef1`, `chef2`, `chef3`, `maid1`, `maid2`, `cashier`, `telephonist`, `orderman1`, `orderman2`, `headman`, `day`, `date`) VALUES (3, 1, 9, 11, 12, 4, 7, 14, 8, 3, 5, 13, 6, true, '2015-1-2');
INSERT INTO `mydb`.`shift` (`shiftID`, `waitress1`, `waitress2`, `chef1`, `chef2`, `chef3`, `maid1`, `maid2`, `cashier`, `telephonist`, `orderman1`, `orderman2`, `headman`, `day`, `date`) VALUES (4, 1, 2, 4, 11, 10, 7, 14, 8, 3, 5, 13, 6, false, '2015-1-2');

COMMIT;


SET SQL_MODE=@OLD_SQL_MODE;
SET FOREIGN_KEY_CHECKS=@OLD_FOREIGN_KEY_CHECKS;
SET UNIQUE_CHECKS=@OLD_UNIQUE_CHECKS;
